{"cameraMode":{"drawMode":0,"name":"Shaded","section":"Shading Mode"},"sceneLighting":true,"audioPlay":false,"sceneViewState":{"showFog":false,"showMaterialUpdate":false,"showSkybox":false,"showFlares":false,"showImageEffects":false,"showParticleSystems":false,"showVisualEffectGraphs":true,"m_FxEnabled":true},"in2DMode":false,"pivot":{"x":-1.2886587381362916,"y":-1.6206183433532715,"z":0.8052711486816406},"rotation":{"x":0.28000444173812868,"y":0.012951469980180264,"z":-0.003787688910961151,"w":0.9599558711051941},"size":4.807394981384277,"orthographic":false}