{"cameraMode":{"drawMode":0,"name":"Shaded","section":"Shading Mode"},"sceneLighting":true,"audioPlay":false,"sceneViewState":{"showFog":false,"showMaterialUpdate":false,"showSkybox":false,"showFlares":false,"showImageEffects":false,"showParticleSystems":false},"in2DMode":false,"pivot":{"x":-0.6103399991989136,"y":-0.2647455036640167,"z":-2.241298198699951},"rotation":{"x":0.45663461089134219,"y":-0.020018374547362329,"z":0.0102837597951293,"w":0.8894314169883728},"size":4.259059906005859,"orthographic":false}